"","county","county_name","CZ90"
"1",1005,"Barbour County",10301
"2",1015,"Calhoun County",9600
"3",1017,"Chambers County",9600
"4",1029,"Cleburne County",9600
"5",1033,"Colbert County",6200
"6",1049,"DeKalb County",6100
"7",1055,"Etowah County",6100
"8",1057,"Fayette County",10600
"9",1059,"Franklin County",6200
"10",1071,"Jackson County",6100
"11",1075,"Lamar County",10600
"12",1077,"Lauderdale County",6200
"13",1079,"Lawrence County",6000
"14",1083,"Limestone County",6000
"15",1089,"Madison County",6000
"16",1093,"Marion County",10600
"17",1095,"Marshall County",6100
"18",1103,"Morgan County",6000
"19",1107,"Pickens County",10501
"20",1111,"Randolph County",9600
"21",1113,"Russell County",9701
"22",1127,"Walker County",10600
"23",1133,"Winston County",10600
"24",5001,"Arkansas County",4301
"25",5005,"Baxter County",25101
"26",5021,"Clay County",25900
"27",5023,"Cleburne County",25104
"28",5027,"Columbia County",4001
"29",5031,"Craighead County",25900
"30",5033,"Crawford County",30100
"31",5049,"Fulton County",25102
"32",5055,"Greene County",25900
"33",5073,"Lafayette County",4001
"34",5075,"Lawrence County",25900
"35",5089,"Marion County",25101
"36",5093,"Mississippi County",25800
"37",5095,"Monroe County",4301
"38",5111,"Poinsett County",25900
"39",5117,"Prairie County",4301
"40",5121,"Randolph County",25900
"41",5127,"Scott County",30100
"42",5131,"Sebastian County",30100
"43",5137,"Stone County",25104
"44",5141,"Van Buren County",25104
"45",6053,"Monterey County",37500
"46",6069,"San Benito County",37500
"47",6085,"Santa Clara County",37500
"48",6087,"Santa Cruz County",37500
"49",13001,"Appling County",9001
"50",13017,"Ben Hill County",8501
"51",13031,"Bulloch County",8702
"52",13035,"Butts County",9200
"53",13037,"Calhoun County",10301
"54",13043,"Candler County",8702
"55",13045,"Carroll County",9600
"56",13053,"Chattahoochee County",9701
"57",13061,"Clay County",10301
"58",13077,"Coweta County",9600
"59",13081,"Crisp County",8502
"60",13091,"Dodge County",9001
"61",13093,"Dooly County",8502
"62",13099,"Early County",10301
"63",13105,"Elbert County",9302
"64",13107,"Emanuel County",8702
"65",13119,"Franklin County",9302
"66",13133,"Greene County",8402
"67",13143,"Haralson County",9600
"68",13145,"Harris County",9701
"69",13147,"Hart County",9302
"70",13149,"Heard County",9600
"71",13155,"Irwin County",8501
"72",13161,"Jeff Davis County",9001
"73",13165,"Jenkins County",8702
"74",13171,"Lamar County",9200
"75",13181,"Lincoln County",8402
"76",13193,"Macon County",9702
"77",13197,"Marion County",9702
"78",13199,"Meriwether County",9701
"79",13209,"Montgomery County",9001
"80",13215,"Muscogee County",9701
"81",13231,"Pike County",9200
"82",13239,"Quitman County",10301
"83",13243,"Randolph County",10301
"84",13249,"Schley County",9702
"85",13251,"Screven County",8702
"86",13255,"Spalding County",9200
"87",13257,"Stephens County",9302
"88",13259,"Stewart County",9702
"89",13261,"Sumter County",9702
"90",13263,"Talbot County",9701
"91",13265,"Taliaferro County",8402
"92",13271,"Telfair County",9001
"93",13279,"Toombs County",9001
"94",13281,"Towns County",1204
"95",13283,"Treutlen County",9001
"96",13285,"Troup County",9600
"97",13291,"Union County",1204
"98",13293,"Upson County",9200
"99",13307,"Webster County",9702
"100",13309,"Wheeler County",9001
"101",13315,"Wilcox County",8502
"102",13317,"Wilkes County",8402
"103",16001,"Ada County",35801
"104",16015,"Boise County",35801
"105",16027,"Canyon County",35801
"106",16039,"Elmore County",35801
"107",16041,"Franklin County",36200
"108",16045,"Gem County",35801
"109",16071,"Oneida County",36200
"110",16073,"Owyhee County",35801
"111",17001,"Adams County",25000
"112",17007,"Boone County",24400
"113",17015,"Carroll County",24400
"114",17025,"Clay County",23302
"115",17027,"Clinton County",25500
"116",17033,"Crawford County",23302
"117",17037,"DeKalb County",24400
"118",17047,"Edwards County",14801
"119",17049,"Effingham County",23302
"120",17051,"Fayette County",23302
"121",17065,"Hamilton County",25500
"122",17067,"Hancock County",23600
"123",17071,"Henderson County",23600
"124",17079,"Jasper County",23302
"125",17081,"Jefferson County",25500
"126",17103,"Lee County",24400
"127",17121,"Marion County",25500
"128",17141,"Ogle County",24400
"129",17149,"Pike County",25000
"130",17159,"Richland County",14801
"131",17177,"Stephenson County",24400
"132",17185,"Wabash County",14700
"133",17189,"Washington County",25500
"134",17191,"Wayne County",14801
"135",17193,"White County",14801
"136",17195,"Whiteside County",24400
"137",17201,"Winnebago County",24400
"138",18001,"Adams County",14100
"139",18003,"Allen County",14100
"140",18005,"Bartholomew County",14300
"141",18017,"Cass County",13900
"142",18029,"Dearborn County",12800
"143",18031,"Decatur County",12800
"144",18033,"De Kalb County",14100
"145",18037,"Dubois County",14700
"146",18039,"Elkhart County",13700
"147",18041,"Fayette County",12600
"148",18047,"Franklin County",12800
"149",18049,"Fulton County",13800
"150",18051,"Gibson County",14700
"151",18067,"Howard County",13900
"152",18069,"Huntington County",14100
"153",18071,"Jackson County",14300
"154",18075,"Jay County",14100
"155",18077,"Jefferson County",13102
"156",18079,"Jennings County",14300
"157",18085,"Kosciusko County",13800
"158",18087,"Lagrange County",13700
"159",18103,"Miami County",13900
"160",18113,"Noble County",13700
"161",18115,"Ohio County",12800
"162",18123,"Perry County",14700
"163",18125,"Pike County",14700
"164",18129,"Posey County",14700
"165",18131,"Pulaski County",13900
"166",18137,"Ripley County",12800
"167",18143,"Scott County",14300
"168",18147,"Spencer County",14700
"169",18151,"Steuben County",14100
"170",18155,"Switzerland County",12800
"171",18159,"Tipton County",13900
"172",18161,"Union County",12600
"173",18163,"Vanderburgh County",14700
"174",18169,"Wabash County",13800
"175",18173,"Warrick County",14700
"176",18177,"Wayne County",12600
"177",18179,"Wells County",14100
"178",18183,"Whitley County",14100
"179",19007,"Appanoose County",26106
"180",19041,"Clay County",27301
"181",19057,"Des Moines County",23600
"182",19059,"Dickinson County",27301
"183",19063,"Emmet County",27302
"184",19069,"Franklin County",22002
"185",19083,"Hardin County",22002
"186",19087,"Henry County",23600
"187",19109,"Kossuth County",27301
"188",19111,"Lee County",23600
"189",19117,"Lucas County",26106
"190",19119,"Lyon County",27201
"191",19133,"Monona County",28001
"192",19141,"O'Brien County",27201
"193",19147,"Palo Alto County",27301
"194",19149,"Plymouth County",28001
"195",19167,"Sioux County",27201
"196",19185,"Wayne County",26106
"197",19193,"Woodbury County",28001
"198",20001,"Allen County",29401
"199",20003,"Anderson County",29401
"200",20011,"Bourbon County",29901
"201",20017,"Chase County",29402
"202",20021,"Cherokee County",29901
"203",20031,"Coffey County",29402
"204",20037,"Crawford County",29901
"205",20059,"Franklin County",29401
"206",20111,"Lyon County",29402
"207",20207,"Woodson County",29401
"208",21003,"Allen County",5401
"209",21005,"Anderson County",12901
"210",21009,"Barren County",5402
"211",21011,"Bath County",12902
"212",21013,"Bell County",301
"213",21017,"Bourbon County",12901
"214",21021,"Boyle County",12903
"215",21023,"Bracken County",12702
"216",21035,"Calloway County",25402
"217",21041,"Carroll County",13102
"218",21047,"Christian County",5900
"219",21049,"Clark County",12901
"220",21053,"Clinton County",4602
"221",21057,"Cumberland County",5402
"222",21061,"Edmonson County",5401
"223",21065,"Estill County",4402
"224",21067,"Fayette County",12901
"225",21069,"Fleming County",12702
"226",21073,"Franklin County",12901
"227",21075,"Fulton County",25300
"228",21079,"Garrard County",12903
"229",21083,"Graves County",25300
"230",21097,"Harrison County",12901
"231",21099,"Hart County",5402
"232",21105,"Hickman County",25300
"233",21109,"Jackson County",4402
"234",21113,"Jessamine County",12901
"235",21135,"Lewis County",12702
"236",21137,"Lincoln County",12903
"237",21141,"Logan County",5401
"238",21147,"McCreary County",4602
"239",21151,"Madison County",4402
"240",21155,"Marion County",13103
"241",21161,"Mason County",12702
"242",21165,"Menifee County",12902
"243",21167,"Mercer County",12903
"244",21169,"Metcalfe County",5402
"245",21171,"Monroe County",5402
"246",21173,"Montgomery County",12902
"247",21179,"Nelson County",13103
"248",21181,"Nicholas County",12901
"249",21187,"Owen County",12901
"250",21197,"Powell County",12901
"251",21199,"Pulaski County",4602
"252",21201,"Robertson County",12901
"253",21203,"Rockcastle County",4402
"254",21209,"Scott County",12901
"255",21213,"Simpson County",5401
"256",21219,"Todd County",5900
"257",21221,"Trigg County",5900
"258",21223,"Trimble County",13102
"259",21227,"Warren County",5401
"260",21229,"Washington County",13103
"261",21231,"Wayne County",4602
"262",21239,"Woodford County",12901
"263",22025,"Catahoula Parish",3201
"264",22059,"La Salle Parish",3201
"265",23031,"York County",20600
"266",25005,"Bristol County",20401
"267",26023,"Branch County",13700
"268",26053,"Gogebic County",21003
"269",26059,"Hillsdale County",11500
"270",26075,"Jackson County",11500
"271",26085,"Lake County",12001
"272",26091,"Lenawee County",11500
"273",26107,"Mecosta County",12001
"274",26113,"Missaukee County",12001
"275",26131,"Ontonagon County",21003
"276",26133,"Osceola County",12001
"277",26149,"St. Joseph County",13700
"278",26165,"Wexford County",12001
"279",27013,"Blue Earth County",21301
"280",27015,"Brown County",21301
"281",27039,"Dodge County",21701
"282",27043,"Faribault County",27302
"283",27045,"Fillmore County",21701
"284",27049,"Goodhue County",21701
"285",27079,"Le Sueur County",21301
"286",27085,"McLeod County",21201
"287",27091,"Martin County",27302
"288",27093,"Meeker County",21201
"289",27103,"Nicollet County",21301
"290",27109,"Olmsted County",21701
"291",27127,"Redwood County",21202
"292",27129,"Renville County",21202
"293",27131,"Rice County",21302
"294",27143,"Sibley County",21201
"295",27147,"Steele County",21302
"296",27157,"Wabasha County",21701
"297",27161,"Waseca County",21302
"298",27165,"Watonwan County",21301
"299",27169,"Winona County",22800
"300",28003,"Alcorn County",5100
"301",28009,"Benton County",5201
"302",28013,"Calhoun County",5000
"303",28015,"Carroll County",4701
"304",28017,"Chickasaw County",5000
"305",28019,"Choctaw County",10502
"306",28023,"Clarke County",10400
"307",28025,"Clay County",10502
"308",28027,"Coahoma County",4702
"309",28043,"Grenada County",4701
"310",28053,"Humphreys County",3002
"311",28057,"Itawamba County",5000
"312",28061,"Jasper County",2800
"313",28067,"Jones County",2800
"314",28069,"Kemper County",10400
"315",28071,"Lafayette County",4702
"316",28075,"Lauderdale County",10400
"317",28081,"Lee County",5000
"318",28083,"Leflore County",4701
"319",28087,"Lowndes County",10501
"320",28095,"Monroe County",5000
"321",28097,"Montgomery County",4701
"322",28099,"Neshoba County",10400
"323",28101,"Newton County",10400
"324",28103,"Noxubee County",10501
"325",28105,"Oktibbeha County",10502
"326",28107,"Panola County",4702
"327",28115,"Pontotoc County",5000
"328",28117,"Prentiss County",5100
"329",28119,"Quitman County",4702
"330",28129,"Smith County",2800
"331",28135,"Tallahatchie County",4702
"332",28139,"Tippah County",5201
"333",28141,"Tishomingo County",5100
"334",28145,"Union County",5201
"335",28153,"Wayne County",2800
"336",28155,"Webster County",10502
"337",28159,"Winston County",10502
"338",28161,"Yalobusha County",4702
"339",28163,"Yazoo County",3002
"340",29007,"Audrain County",24702
"341",29009,"Barry County",29800
"342",29011,"Barton County",29902
"343",29015,"Benton County",29504
"344",29023,"Butler County",25702
"345",29035,"Carter County",25702
"346",29039,"Cedar County",29902
"347",29041,"Chariton County",26103
"348",29045,"Clark County",23600
"349",29057,"Dade County",29902
"350",29069,"Dunklin County",25800
"351",29083,"Henry County",29504
"352",29091,"Howell County",25102
"353",29093,"Iron County",24600
"354",29097,"Jasper County",29901
"355",29109,"Lawrence County",29800
"356",29111,"Lewis County",25000
"357",29115,"Linn County",26103
"358",29123,"Madison County",24600
"359",29127,"Marion County",25000
"360",29139,"Montgomery County",24702
"361",29145,"Newton County",29901
"362",29149,"Oregon County",25102
"363",29153,"Ozark County",25101
"364",29155,"Pemiscot County",25800
"365",29157,"Perry County",24600
"366",29159,"Pettis County",29504
"367",29163,"Pike County",25000
"368",29173,"Ralls County",25000
"369",29181,"Ripley County",25702
"370",29185,"St. Clair County",29504
"371",29186,"Ste. Genevieve County",24600
"372",29187,"St. Francois County",24600
"373",29203,"Shannon County",25102
"374",29209,"Stone County",29800
"375",29213,"Taney County",29800
"376",29215,"Texas County",25102
"377",29217,"Vernon County",29902
"378",29221,"Washington County",24600
"379",29223,"Wayne County",25702
"380",31043,"Dakota County",28001
"381",31051,"Dixon County",28001
"382",31179,"Wayne County",28001
"383",33001,"Belknap County",20600
"384",33003,"Carroll County",20600
"385",33007,"Coos County",20301
"386",33011,"Hillsborough County",20600
"387",33013,"Merrimack County",20600
"388",33015,"Rockingham County",20600
"389",33017,"Strafford County",20600
"390",36003,"Allegany County",18201
"391",36007,"Broome County",17900
"392",36009,"Cattaraugus County",18201
"393",36011,"Cayuga County",17700
"394",36015,"Chemung County",18100
"395",36023,"Cortland County",17700
"396",36043,"Herkimer County",17700
"397",36053,"Madison County",17700
"398",36065,"Oneida County",17700
"399",36067,"Onondaga County",17700
"400",36075,"Oswego County",17700
"401",36097,"Schuyler County",18100
"402",36101,"Steuben County",18100
"403",36107,"Tioga County",17900
"404",36109,"Tompkins County",18100
"405",37001,"Alamance County",500
"406",37003,"Alexander County",1100
"407",37005,"Alleghany County",602
"408",37009,"Ashe County",601
"409",37023,"Burke County",1002
"410",37027,"Caldwell County",1100
"411",37033,"Caswell County",500
"412",37035,"Catawba County",1100
"413",37037,"Chatham County",1701
"414",37039,"Cherokee County",1204
"415",37043,"Clay County",1204
"416",37045,"Cleveland County",800
"417",37051,"Cumberland County",1400
"418",37057,"Davidson County",500
"419",37063,"Durham County",1701
"420",37069,"Franklin County",1701
"421",37071,"Gaston County",800
"422",37077,"Granville County",1701
"423",37081,"Guilford County",500
"424",37085,"Harnett County",1701
"425",37093,"Hoke County",1400
"426",37097,"Iredell County",1100
"427",37101,"Johnston County",1701
"428",37105,"Lee County",1701
"429",37109,"Lincoln County",800
"430",37111,"McDowell County",1002
"431",37121,"Mitchell County",1002
"432",37123,"Montgomery County",1400
"433",37125,"Moore County",1400
"434",37135,"Orange County",1701
"435",37145,"Person County",1701
"436",37149,"Polk County",700
"437",37151,"Randolph County",500
"438",37153,"Richmond County",1400
"439",37155,"Robeson County",1400
"440",37157,"Rockingham County",500
"441",37161,"Rutherford County",800
"442",37165,"Scotland County",1400
"443",37181,"Vance County",1702
"444",37183,"Wake County",1701
"445",37185,"Warren County",1702
"446",37193,"Wilkes County",601
"447",37199,"Yancey County",1002
"448",38021,"Dickey County",26802
"449",38073,"Ransom County",26802
"450",38081,"Sargent County",26802
"451",39005,"Ashland County",16000
"452",39019,"Carroll County",15000
"453",39031,"Coshocton County",15000
"454",39033,"Crawford County",16000
"455",39039,"Defiance County",13502
"456",39063,"Hancock County",13300
"457",39065,"Hardin County",13300
"458",39067,"Harrison County",15000
"459",39075,"Holmes County",15000
"460",39101,"Marion County",16000
"461",39117,"Morrow County",16000
"462",39125,"Paulding County",13502
"463",39139,"Richland County",16000
"464",39143,"Sandusky County",13300
"465",39147,"Seneca County",13300
"466",39151,"Stark County",15000
"467",39157,"Tuscarawas County",15000
"468",39169,"Wayne County",15000
"469",39171,"Williams County",13502
"470",39175,"Wyandot County",13300
"471",40013,"Bryan County",33902
"472",40061,"Haskell County",30100
"473",40077,"Latimer County",30100
"474",40079,"Le Flore County",30100
"475",40115,"Ottawa County",29901
"476",40121,"Pittsburg County",30100
"477",40135,"Sequoyah County",30100
"478",40141,"Tillman County",33603
"479",41025,"Harney County",36502
"480",42015,"Bradford County",18900
"481",42023,"Cameron County",18202
"482",42027,"Centre County",16100
"483",42033,"Clearfield County",16100
"484",42035,"Clinton County",18900
"485",42047,"Elk County",18202
"486",42061,"Huntingdon County",16100
"487",42065,"Jefferson County",16100
"488",42081,"Lycoming County",18900
"489",42083,"Mc Kean County",18201
"490",42105,"Potter County",18201
"491",42113,"Sullivan County",18900
"492",42115,"Susquehanna County",17900
"493",42117,"Tioga County",18100
"494",44001,"Bristol County",20401
"495",44003,"Kent County",20401
"496",44005,"Newport County",20401
"497",44007,"Providence County",20401
"498",44009,"Washington County",20401
"499",45005,"Allendale County",8201
"500",45009,"Bamberg County",8201
"501",45011,"Barnwell County",8201
"502",45021,"Cherokee County",700
"503",45025,"Chesterfield County",1301
"504",45027,"Clarendon County",8000
"505",45049,"Hampton County",8201
"506",45055,"Kershaw County",8000
"507",45061,"Lee County",8000
"508",45069,"Marlboro County",1301
"509",45083,"Spartanburg County",700
"510",45085,"Sumter County",8000
"511",45087,"Union County",700
"512",46011,"Brookings County",26501
"513",46077,"Kingsbury County",26501
"514",46101,"Moody County",26501
"515",46127,"Union County",28001
"516",47003,"Bedford County",5700
"517",47005,"Benton County",5800
"518",47007,"Bledsoe County",6402
"519",47011,"Bradley County",6502
"520",47017,"Carroll County",5800
"521",47019,"Carter County",100
"522",47023,"Chester County",4901
"523",47025,"Claiborne County",301
"524",47027,"Clay County",5402
"525",47029,"Cocke County",200
"526",47031,"Coffee County",5700
"527",47033,"Crockett County",4901
"528",47035,"Cumberland County",6402
"529",47039,"Decatur County",4903
"530",47041,"DeKalb County",6301
"531",47043,"Dickson County",5800
"532",47045,"Dyer County",4902
"533",47049,"Fentress County",6402
"534",47051,"Franklin County",5700
"535",47053,"Gibson County",4901
"536",47055,"Giles County",5500
"537",47057,"Grainger County",200
"538",47059,"Greene County",100
"539",47063,"Hamblen County",200
"540",47067,"Hancock County",301
"541",47069,"Hardeman County",4901
"542",47071,"Hardin County",5100
"543",47073,"Hawkins County",100
"544",47075,"Haywood County",4902
"545",47077,"Henderson County",4903
"546",47079,"Henry County",5800
"547",47081,"Hickman County",5500
"548",47083,"Houston County",5900
"549",47085,"Humphreys County",5800
"550",47087,"Jackson County",6302
"551",47089,"Jefferson County",200
"552",47095,"Lake County",4902
"553",47097,"Lauderdale County",4902
"554",47099,"Lawrence County",6200
"555",47101,"Lewis County",5500
"556",47103,"Lincoln County",6000
"557",47107,"McMinn County",6502
"558",47109,"McNairy County",5100
"559",47113,"Madison County",4901
"560",47117,"Marshall County",5500
"561",47119,"Maury County",5500
"562",47121,"Meigs County",6502
"563",47123,"Monroe County",6502
"564",47125,"Montgomery County",5900
"565",47127,"Moore County",5700
"566",47131,"Obion County",25300
"567",47133,"Overton County",6302
"568",47135,"Perry County",4903
"569",47137,"Pickett County",6302
"570",47139,"Polk County",6502
"571",47141,"Putnam County",6302
"572",47143,"Rhea County",6402
"573",47151,"Scott County",4602
"574",47155,"Sevier County",200
"575",47161,"Stewart County",5900
"576",47163,"Sullivan County",100
"577",47171,"Unicoi County",100
"578",47175,"Van Buren County",6301
"579",47177,"Warren County",6301
"580",47179,"Washington County",100
"581",47181,"Wayne County",6200
"582",47183,"Weakley County",25300
"583",47185,"White County",6301
"584",48021,"Bastrop County",31201
"585",48031,"Blanco County",31201
"586",48049,"Brown County",32701
"587",48055,"Caldwell County",31201
"588",48083,"Coleman County",32701
"589",48095,"Concho County",32302
"590",48147,"Fannin County",33902
"591",48181,"Grayson County",33902
"592",48183,"Gregg County",33400
"593",48203,"Harrison County",33400
"594",48209,"Hays County",31201
"595",48287,"Lee County",31201
"596",48307,"McCulloch County",32302
"597",48315,"Marion County",33400
"598",48331,"Milam County",31201
"599",48333,"Mills County",32701
"600",48365,"Panola County",33400
"601",48399,"Runnels County",32302
"602",48401,"Rusk County",33400
"603",48411,"San Saba County",32701
"604",48453,"Travis County",31201
"605",48459,"Upshur County",33400
"606",48491,"Williamson County",31201
"607",49003,"Box Elder County",36200
"608",49005,"Cache County",36200
"609",50005,"Caledonia County",20301
"610",50009,"Essex County",20301
"611",50019,"Orleans County",20301
"612",51009,"Amherst County",2300
"613",51011,"Appomattox County",2300
"614",51019,"Bedford County",2300
"615",51031,"Campbell County",2300
"616",51035,"Carroll County",602
"617",51077,"Grayson County",602
"618",51089,"Henry County",402
"619",51141,"Patrick County",402
"620",51143,"Pittsylvania County",500
"621",51169,"Scott County",100
"622",51173,"Smyth County",100
"623",51191,"Washington County",100
"624",51515,"Bedford city",2300
"625",51520,"Bristol city",100
"626",51590,"Danville city",500
"627",51640,"Galax city",602
"628",51680,"Lynchburg city",2300
"629",51690,"Martinsville city",402
"630",54013,"Calhoun County",16902
"631",54087,"Roane County",16902
"632",55003,"Ashland County",21001
"633",55007,"Bayfield County",21001
"634",55011,"Buffalo County",22800
"635",55013,"Burnett County",21102
"636",55017,"Chippewa County",22800
"637",55033,"Dunn County",22800
"638",55035,"Eau Claire County",22800
"639",55051,"Iron County",21003
"640",55053,"Jackson County",22800
"641",55071,"Manitowoc County",22400
"642",55091,"Pepin County",22800
"643",55095,"Polk County",21102
"644",55099,"Price County",21001
"645",55117,"Sheboygan County",22400
"646",55121,"Trempealeau County",22800
"647",51560,"Clifton Forge City",602
