"","czone_1990","cnty","State","State.name","County.name","Full.County.name","CZ.name","MSA","CZ.level.quintile","CA.level.category"
"1",28001,19133,19,"Iowa","Monona County","Monona County, Iowa","Sioux City, IA-NE-SD","0",5,"Most hit"
"2",5201,28009,28,"Mississippi","Benton County","Benton County, Mississippi","Union County, MS","0",5,"Most hit"
"3",10400,28023,28,"Mississippi","Clarke County","Clarke County, Mississippi","Meridian, MS","Meridian, MS Micropolitan Statistical Area",5,"Most hit"
"4",21201,27085,27,"Minnesota","McLeod County","McLeod County, Minnesota","Hutchinson, MN","Hutchinson, MN Micropolitan Statistical Area",5,"Most hit"
"5",1100,37003,37,"North Carolina","Alexander County","Alexander County, North Carolina","North Hickory","Hickory-Morganton-Lenoir, NC Metropolitan Statistical Area",5,"Most hit"
"6",5000,28013,28,"Mississippi","Calhoun County","Calhoun County, Mississippi","Tupelo, MS","0",5,"Most hit"
"7",402,51089,51,"Virginia","Henry County","Henry County, Virginia","Martinsville, VA","Martinsville, VA Micropolitan Statistical Area",5,"Most hit"
"8",602,37005,37,"North Carolina","Alleghany County","Alleghany County, North Carolina","Carroll County, VA","0",5,"Most hit"
"9",2300,51009,51,"Virginia","Amherst County","Amherst County, Virginia","Lynchburg, VA","Lynchburg, VA Metropolitan Statistical Area",5,"Most hit"
"10",1002,37023,37,"North Carolina","Burke County","Burke County, North Carolina","West Hickory","Hickory-Morganton-Lenoir, NC Metropolitan Statistical Area",5,"Most hit"
"11",4903,47039,47,"Tennessee","Decatur County","Decatur County, Tennessee","Henderson County, TN","0",5,"Most hit"
"12",6402,47007,47,"Tennessee","Bledsoe County","Bledsoe County, Tennessee","Crossville, TN","0",5,"Most hit"
"13",1701,37037,37,"North Carolina","Chatham County","Chatham County, North Carolina","Raleigh-Cary, NC","Durham, NC Metropolitan Statistical Area",5,"Most hit"
"14",6502,47011,47,"Tennessee","Bradley County","Bradley County, Tennessee","Cleveland, TN","Cleveland, TN Metropolitan Statistical Area",5,"Most hit"
"15",6301,47041,47,"Tennessee","DeKalb County","DeKalb County, Tennessee","McMinnville, TN","0",5,"Most hit"
"16",21302,27131,27,"Minnesota","Rice County","Rice County, Minnesota","Faribault-Northfield, MN","Faribault-Northfield, MN Micropolitan Statistical Area",5,"Most hit"
"17",18202,42023,42,"Pennsylvania","Cameron County","Cameron County, Pennsylvania","St. Marys, PA","0",5,"Most hit"
"18",12903,21021,21,"Kentucky","Boyle County","Boyle County, Kentucky","Danville, KY","Danville, KY Micropolitan Statistical Area",5,"Most hit"
"19",25000,17001,17,"Illinois","Adams County","Adams County, Illinois","Quincy, IL-MO","Quincy, IL-MO Micropolitan Statistical Area",5,"Most hit"
"20",8402,13133,13,"Georgia","Greene County","Greene County, Georgia","Greene County, GA","0",5,"Most hit"
"21",14100,18001,18,"Indiana","Adams County","Adams County, Indiana","Fort Wayne, IN","Decatur, IN Micropolitan Statistical Area",5,"Most hit"
"22",6000,1079,1,"Alabama","Lawrence County","Lawrence County, Alabama","Huntsville, AL","Decatur, AL Metropolitan Statistical Area",5,"Most hit"
"23",1204,13281,13,"Georgia","Towns County","Towns County, Georgia","Cherokee County, NC","0",5,"Most hit"
"24",27302,19063,19,"Iowa","Emmet County","Emmet County, Iowa","Fairmont, MN","0",5,"Most hit"
"25",37500,6053,6,"California","Monterey County","Monterey County, California","San Jose-Sunnyvale-Santa Clara, CA","Salinas, CA Metropolitan Statistical Area",5,"Most hit"
"26",10502,28019,28,"Mississippi","Choctaw County","Choctaw County, Mississippi","Starkville, MS","0",5,"Most hit"
"27",25104,5023,5,"Arkansas","Cleburne County","Cleburne County, Arkansas","Cleburne County, AR","0",5,"Most hit"
"28",32701,48049,48,"Texas","Brown County","Brown County, Texas","Brownwood, TX","Brownwood, TX Micropolitan Statistical Area",5,"Most hit"
"29",25300,21075,21,"Kentucky","Fulton County","Fulton County, Kentucky","Union City, TN-KY","Union City, TN-KY Micropolitan Statistical Area",5,"Most hit"
"30",29902,29011,29,"Missouri","Barton County","Barton County, Missouri","Vernon County, MO","0",5,"Most hit"
"31",301,21013,21,"Kentucky","Bell County","Bell County, Kentucky","Middlesborough, KY","Middlesborough, KY Micropolitan Statistical Area",5,"Most hit"
"32",32302,48095,48,"Texas","Concho County","Concho County, Texas","Runnels County, TX","0",5,"Most hit"
"33",31201,48021,48,"Texas","Bastrop County","Bastrop County, Texas","Austin-Round Rock, TX","Austin-Round Rock, TX Metropolitan Statistical Area",5,"Most hit"
"34",5100,28003,28,"Mississippi","Alcorn County","Alcorn County, Mississippi","Corinth, MS","Corinth, MS Micropolitan Statistical Area",5,"Most hit"
"35",601,37009,37,"North Carolina","Ashe County","Ashe County, North Carolina","North Wilkesboro, NC","0",5,"Most hit"
"36",25900,5021,5,"Arkansas","Clay County","Clay County, Arkansas","Jonesboro, AR","0",5,"Most hit"
"37",9302,13105,13,"Georgia","Elbert County","Elbert County, Georgia","Toccoa, GA","0",5,"Most hit"
"38",4402,21065,21,"Kentucky","Estill County","Estill County, Kentucky","Richmond, KY","0",5,"Most hit"
"39",3002,28053,28,"Mississippi","Humphreys County","Humphreys County, Mississippi","Yazoo City, MS","0",5,"Most hit"
"40",27201,19119,19,"Iowa","Lyon County","Lyon County, Iowa","Sioux County, IA","0",5,"Most hit"
"41",6100,1049,1,"Alabama","DeKalb County","DeKalb County, Alabama","Gadsden, AL","0",5,"Most hit"
"42",23600,17067,17,"Illinois","Hancock County","Hancock County, Illinois","Burlington, IA-IL","0",5,"Most hit"
"43",8201,45005,45,"South Carolina","Allendale County","Allendale County, South Carolina","Barnwell County, SC","0",5,"Most hit"
"44",9200,13035,13,"Georgia","Butts County","Butts County, Georgia","Southeast Atlanta","Atlanta-Sandy Springs-Marietta, GA Metropolitan Statistical Area",5,"Most hit"
"45",22800,27169,27,"Minnesota","Winona County","Winona County, Minnesota","Eau Claire, WI","Winona, MN Micropolitan Statistical Area",5,"Most hit"
"46",21102,55013,55,"Wisconsin","Burnett County","Burnett County, Wisconsin","Polk County, WI","0",5,"Most hit"
"47",200,47029,47,"Tennessee","Cocke County","Cocke County, Tennessee","Morristown, TN","Newport, TN Micropolitan Statistical Area",5,"Most hit"
"48",26501,46011,46,"South Dakota","Brookings County","Brookings County, South Dakota","Brookings, SD","Brookings, SD Micropolitan Statistical Area",5,"Most hit"
"49",17900,36007,36,"New York","Broome County","Broome County, New York","Binghamton, NY","Binghamton, NY Metropolitan Statistical Area",5,"Most hit"
"50",25402,21035,21,"Kentucky","Calloway County","Calloway County, Kentucky","Murray, KY","Murray, KY Micropolitan Statistical Area",5,"Most hit"
"51",26103,29041,29,"Missouri","Chariton County","Chariton County, Missouri","Linn County, MO","0",5,"Most hit"
"52",5800,47005,47,"Tennessee","Benton County","Benton County, Tennessee","East Nashville","0",5,"Most hit"
"53",4702,28027,28,"Mississippi","Coahoma County","Coahoma County, Mississippi","Oxford, MS","Clarksdale, MS Micropolitan Statistical Area",5,"Most hit"
"54",25102,5049,5,"Arkansas","Fulton County","Fulton County, Arkansas","West Plains, MO","0",5,"Most hit"
"55",13900,18017,18,"Indiana","Cass County","Cass County, Indiana","Kokomo, IN","Logansport, IN Micropolitan Statistical Area",5,"Most hit"
"56",5402,21009,21,"Kentucky","Barren County","Barren County, Kentucky","Glasgow, KY","Glasgow, KY Micropolitan Statistical Area",5,"Most hit"
"57",1400,37051,37,"North Carolina","Cumberland County","Cumberland County, North Carolina","Fayetteville, NC","Fayetteville, NC Metropolitan Statistical Area",5,"Most hit"
"58",16902,54013,54,"West Virginia","Calhoun County","Calhoun County, West Virginia","Roane County, WV","0",5,"Most hit"
"59",1301,45025,45,"South Carolina","Chesterfield County","Chesterfield County, South Carolina","Bennettsville, SC","0",5,"Most hit"
"60",12001,26085,26,"Michigan","Lake County","Lake County, Michigan","Cadillac, MI","0",5,"Most hit"
"61",2800,28061,28,"Mississippi","Jasper County","Jasper County, Mississippi","Laurel, MS","Laurel, MS Micropolitan Statistical Area",5,"Most hit"
"62",13300,39063,39,"Ohio","Hancock County","Hancock County, Ohio","Findlay, OH","Findlay, OH Micropolitan Statistical Area",5,"Most hit"
"63",21701,27039,27,"Minnesota","Dodge County","Dodge County, Minnesota","Rochester, MN","Rochester, MN Metropolitan Statistical Area",5,"Most hit"
"64",22400,55071,55,"Wisconsin","Manitowoc County","Manitowoc County, Wisconsin","Sheboygan, WI","Manitowoc, WI Micropolitan Statistical Area",5,"Most hit"
"65",6302,47087,47,"Tennessee","Jackson County","Jackson County, Tennessee","Cookeville, TN","Cookeville, TN Micropolitan Statistical Area",5,"Most hit"
"66",13502,39039,39,"Ohio","Defiance County","Defiance County, Ohio","Defiance, OH","Defiance, OH Micropolitan Statistical Area",5,"Most hit"
"67",4901,47023,47,"Tennessee","Chester County","Chester County, Tennessee","Jackson, TN","Jackson, TN Metropolitan Statistical Area",5,"Most hit"
"68",4701,28015,28,"Mississippi","Carroll County","Carroll County, Mississippi","Greenwood, MS","Greenwood, MS Micropolitan Statistical Area",5,"Most hit"
"69",500,37001,37,"North Carolina","Alamance County","Alamance County, North Carolina","Greensboro-High Point, NC","Burlington, NC Metropolitan Statistical Area",5,"Most hit"
"70",12902,21011,21,"Kentucky","Bath County","Bath County, Kentucky","Mount Sterling, KY","Mount Sterling, KY Micropolitan Statistical Area",5,"Most hit"
"71",10600,1057,1,"Alabama","Fayette County","Fayette County, Alabama","Northwest Birmingham","0",5,"Most hit"
"72",25800,5093,5,"Arkansas","Mississippi County","Mississippi County, Arkansas","Blytheville, AR","Blytheville, AR Micropolitan Statistical Area",5,"Most hit"
"73",12702,21023,21,"Kentucky","Bracken County","Bracken County, Kentucky","Maysville, KY","Cincinnati-Middletown, OH-KY-IN Metropolitan Statistical Area",5,"Most hit"
"74",13800,18049,18,"Indiana","Fulton County","Fulton County, Indiana","Warsaw, IN","0",5,"Most hit"
"75",5700,47003,47,"Tennessee","Bedford County","Bedford County, Tennessee","Tullahoma, TN","Shelbyville, TN Micropolitan Statistical Area",5,"Most hit"
"76",14300,18005,18,"Indiana","Bartholomew County","Bartholomew County, Indiana","Columbus, IN","Columbus, IN Metropolitan Statistical Area",5,"Most hit"
"77",36200,16041,16,"Idaho","Franklin County","Franklin County, Idaho","Logan, UT-ID","Logan, UT-ID Metropolitan Statistical Area",5,"Most hit"
"78",1702,37181,37,"North Carolina","Vance County","Vance County, North Carolina","Henderson, NC","Henderson, NC Micropolitan Statistical Area",5,"Most hit"
"79",18100,36015,36,"New York","Chemung County","Chemung County, New York","Corning, NY","Elmira, NY Metropolitan Statistical Area",5,"Most hit"
"80",4001,5027,5,"Arkansas","Columbia County","Columbia County, Arkansas","Magnolia, AR","Magnolia, AR Micropolitan Statistical Area",5,"Most hit"
"81",16100,42027,42,"Pennsylvania","Centre County","Centre County, Pennsylvania","State College, PA","State College, PA Metropolitan Statistical Area",5,"Most hit"
"82",13700,18039,18,"Indiana","Elkhart County","Elkhart County, Indiana","Elkhart-Goshen, IN","Elkhart-Goshen, IN Metropolitan Statistical Area",5,"Most hit"
"83",29401,20001,20,"Kansas","Allen County","Allen County, Kansas","Southwest Kansas City","0",5,"Most hit"
"84",25702,29023,29,"Missouri","Butler County","Butler County, Missouri","Poplar Bluff, MO","Poplar Bluff, MO Micropolitan Statistical Area",5,"Most hit"
"85",16000,39005,39,"Ohio","Ashland County","Ashland County, Ohio","Mansfield, OH","Ashland, OH Micropolitan Statistical Area",5,"Most hit"
"86",20401,25005,25,"Massachusetts","Bristol County","Bristol County, Massachusetts","Providence-New Bedford-Fall River, RI-MA","Providence-New Bedford-Fall River, RI-MA Metropolitan Statistical Area",5,"Most hit"
"87",29402,20017,20,"Kansas","Chase County","Chase County, Kansas","Emporia, KS","Emporia, KS Micropolitan Statistical Area",5,"Most hit"
"88",21001,55003,55,"Wisconsin","Ashland County","Ashland County, Wisconsin","Ashland County, WI","0",5,"Most hit"
"89",4902,47045,47,"Tennessee","Dyer County","Dyer County, Tennessee","Dyersburg, TN","Dyersburg, TN Micropolitan Statistical Area",5,"Most hit"
"90",4602,21053,21,"Kentucky","Clinton County","Clinton County, Kentucky","Somerset, KY","0",5,"Most hit"
"91",35801,16001,16,"Idaho","Ada County","Ada County, Idaho","Boise City-Nampa, ID","Boise City-Nampa, ID Metropolitan Statistical Area",5,"Most hit"
"92",21202,27127,27,"Minnesota","Redwood County","Redwood County, Minnesota","Renville County, MN","0",5,"Most hit"
"93",29504,29015,29,"Missouri","Benton County","Benton County, Missouri","Sedalia, MO","0",5,"Most hit"
"94",9600,1015,1,"Alabama","Calhoun County","Calhoun County, Alabama","Southwest Atlanta","Anniston-Oxford, AL Metropolitan Statistical Area",5,"Most hit"
"95",10301,1005,1,"Alabama","Barbour County","Barbour County, Alabama","Barbour County, AL","0",5,"Most hit"
"96",24400,17007,17,"Illinois","Boone County","Boone County, Illinois","Rockford, IL","Rockford, IL Metropolitan Statistical Area",5,"Most hit"
"97",13102,18077,18,"Indiana","Jefferson County","Jefferson County, Indiana","Madison, IN","Madison, IN Micropolitan Statistical Area",5,"Most hit"
"98",800,37045,37,"North Carolina","Cleveland County","Cleveland County, North Carolina","Gastonia/West Charlotte","Shelby, NC Micropolitan Statistical Area",5,"Most hit"
"99",20301,33007,33,"New Hampshire","Coos County","Coos County, New Hampshire","Berlin, NH-VT","Berlin, NH-VT Micropolitan Statistical Area",5,"Most hit"
"100",13103,21155,21,"Kentucky","Marion County","Marion County, Kentucky","Southeast Louisville","0",5,"Most hit"
"101",8501,13017,13,"Georgia","Ben Hill County","Ben Hill County, Georgia","Fitzgerald, GA","Fitzgerald, GA Micropolitan Statistical Area",5,"Most hit"
"102",5401,21003,21,"Kentucky","Allen County","Allen County, Kentucky","Bowling Green, KY","0",5,"Most hit"
"103",100,47019,47,"Tennessee","Carter County","Carter County, Tennessee","Kingsport-Bristol, TN-VA","Johnson City, TN Metropolitan Statistical Area",5,"Most hit"
"104",27301,19041,19,"Iowa","Clay County","Clay County, Iowa","Spencer, IA","Spencer, IA Micropolitan Statistical Area",5,"Most hit"
"105",26802,38021,38,"North Dakota","Dickey County","Dickey County, North Dakota","Ransom County, ND","0",5,"Most hit"
"106",18201,36003,36,"New York","Allegany County","Allegany County, New York","Olean, NY","0",5,"Most hit"
"107",5900,21047,21,"Kentucky","Christian County","Christian County, Kentucky","Clarksville, TN-KY","Clarksville, TN-KY Metropolitan Statistical Area",5,"Most hit"
"108",36502,41025,41,"Oregon","Harney County","Harney County, Oregon","Harney County, OR","0",5,"Most hit"
"109",5500,47055,47,"Tennessee","Giles County","Giles County, Tennessee","Columbia, TN","0",5,"Most hit"
"110",25500,17027,17,"Illinois","Clinton County","Clinton County, Illinois","Mount Vernon, IL","St. Louis, MO-IL Metropolitan Statistical Area",5,"Most hit"
"111",17700,36011,36,"New York","Cayuga County","Cayuga County, New York","Syracuse, NY","Auburn, NY Micropolitan Statistical Area",5,"Most hit"
"112",33603,40141,40,"Oklahoma","Tillman County","Tillman County, Oklahoma","Tillman County, OK","0",5,"Most hit"
"113",18900,42015,42,"Pennsylvania","Bradford County","Bradford County, Pennsylvania","Williamsport, PA","Sayre, PA Micropolitan Statistical Area",5,"Most hit"
"114",25101,5005,5,"Arkansas","Baxter County","Baxter County, Arkansas","Mountain Home, AR","Mountain Home, AR Micropolitan Statistical Area",5,"Most hit"
"115",4301,5001,5,"Arkansas","Arkansas County","Arkansas County, Arkansas","Arkansas County, AR","0",5,"Most hit"
"116",11500,26059,26,"Michigan","Hillsdale County","Hillsdale County, Michigan","Jackson, MI","0",5,"Most hit"
"117",20600,23031,23,"Maine","York County","York County, Maine","Rockingham County-Strafford County, NH","Portland-South Portland, ME Metropolitan Statistical Area",5,"Most hit"
"118",8000,45027,45,"South Carolina","Clarendon County","Clarendon County, South Carolina","Sumter, SC","0",5,"Most hit"
"119",33902,40013,40,"Oklahoma","Bryan County","Bryan County, Oklahoma","Sherman-Denison, TX","Durant, OK Micropolitan Statistical Area",5,"Most hit"
"120",33400,48183,48,"Texas","Gregg County","Gregg County, Texas","Longview, TX","Longview, TX Metropolitan Statistical Area",5,"Most hit"
"121",8702,13031,13,"Georgia","Bulloch County","Bulloch County, Georgia","Statesboro, GA","Statesboro, GA Micropolitan Statistical Area",5,"Most hit"
"122",15000,39019,39,"Ohio","Carroll County","Carroll County, Ohio","Canton-Massillon, OH","Canton-Massillon, OH Metropolitan Statistical Area",5,"Most hit"
"123",21003,26053,26,"Michigan","Gogebic County","Gogebic County, Michigan","Gogebic County, MI","0",5,"Most hit"
"124",22002,19069,19,"Iowa","Franklin County","Franklin County, Iowa","Hardin County, IA","0",5,"Most hit"
"125",24702,29007,29,"Missouri","Audrain County","Audrain County, Missouri","Mexico, MO","Mexico, MO Micropolitan Statistical Area",5,"Most hit"
"126",21301,27013,27,"Minnesota","Blue Earth County","Blue Earth County, Minnesota","Mankato-North Mankato, MN","Mankato-North Mankato, MN Micropolitan Statistical Area",5,"Most hit"
"127",14700,17185,17,"Illinois","Wabash County","Wabash County, Illinois","Evansville Surrounding/North","0",5,"Most hit"
"128",6200,1033,1,"Alabama","Colbert County","Colbert County, Alabama","Florence, AL","Florence, AL Metropolitan Statistical Area",5,"Most hit"
"129",29901,20011,20,"Kansas","Bourbon County","Bourbon County, Kansas","Joplin, MO","0",5,"Most hit"
"130",14801,17047,17,"Illinois","Edwards County","Edwards County, Illinois","Wayne County, IL","0",5,"Most hit"
"131",30100,5033,5,"Arkansas","Crawford County","Crawford County, Arkansas","Fort Smith, AR-OK","Fort Smith, AR-OK Metropolitan Statistical Area",5,"Most hit"
"132",12901,21005,21,"Kentucky","Anderson County","Anderson County, Kentucky","Lexington-Fayette, KY","Frankfort, KY Micropolitan Statistical Area",5,"Most hit"
"133",9702,13193,13,"Georgia","Macon County","Macon County, Georgia","Americus, GA","0",5,"Most hit"
"134",3201,22025,22,"Louisiana","Catahoula Parish","Catahoula Parish, Louisiana","La Salle Parish, LA","0",5,"Most hit"
"135",24600,29093,29,"Missouri","Iron County","Iron County, Missouri","Farmington, MO","0",5,"Most hit"
"136",9001,13001,13,"Georgia","Appling County","Appling County, Georgia","Toombs County, GA","0",5,"Most hit"
"137",29800,29009,29,"Missouri","Barry County","Barry County, Missouri","Branson, MO","0",5,"Most hit"
"138",12800,18029,18,"Indiana","Dearborn County","Dearborn County, Indiana","Cincinnati West/Indiana","Cincinnati-Middletown, OH-KY-IN Metropolitan Statistical Area",5,"Most hit"
"139",9701,1113,1,"Alabama","Russell County","Russell County, Alabama","Columbus, GA-AL","Columbus, GA-AL Metropolitan Statistical Area",5,"Most hit"
"140",10501,1107,1,"Alabama","Pickens County","Pickens County, Alabama","Columbus, MS","0",5,"Most hit"
"141",23302,17025,17,"Illinois","Clay County","Clay County, Illinois","Effingham, IL","0",5,"Most hit"
"142",12600,18041,18,"Indiana","Fayette County","Fayette County, Indiana","Richmond, IN","Connersville, IN Micropolitan Statistical Area",5,"Most hit"
"143",8502,13081,13,"Georgia","Crisp County","Crisp County, Georgia","Cordele, GA","Cordele, GA Micropolitan Statistical Area",5,"Most hit"
"144",700,37149,37,"North Carolina","Polk County","Polk County, North Carolina","Spartanburg, SC","0",5,"Most hit"
"145",26106,19007,19,"Iowa","Appanoose County","Appanoose County, Iowa","Appanoose County, IA","0",5,"Most hit"
